airline,origin,dest,departure_time,arrival_time,distance,day_of_week,month,weather,delay
AirD,COK,AMD,10,14,1824,4,7,Clear,45
AirC,HYD,COK,1,5,1615,5,6,Clear,28
AirA,MAA,DEL,21,22,847,0,1,Clear,18
AirC,MAA,AMD,19,23,1628,2,5,Rain,40
AirB,MAA,BLR,13,15,876,1,5,Clear,39
AirC,HYD,BLR,3,5,1995,3,2,Clear,33
AirD,HYD,COK,17,19,1679,1,10,Fog,59
AirD,BLR,CCU,7,8,819,4,2,Clear,28
AirA,MAA,COK,12,13,1280,6,1,Clear,7
AirC,BOM,BLR,7,10,518,0,11,Clear,0
AirA,MAA,AMD,8,12,879,1,1,Clear,10
AirC,BOM,BLR,2,3,1585,2,1,Rain,23
AirC,BLR,AMD,14,16,1677,3,3,Clear,22
AirE,CCU,AMD,12,15,1294,4,4,Windy,51
AirC,HYD,MAA,1,3,656,5,9,Clear,0
AirC,AMD,DEL,22,2,1596,6,1,Clear,38
AirA,MAA,HYD,8,11,1482,5,8,Clear,68
AirC,HYD,BLR,19,20,1953,0,10,Windy,46
AirB,BOM,BLR,4,5,1051,0,11,Rain,21
AirA,BLR,MAA,1,2,1807,1,6,Clear,46
AirC,AMD,BOM,16,19,393,4,4,Windy,36
AirA,MAA,BOM,5,9,1472,2,4,Clear,33
AirB,BOM,AMD,18,22,963,6,4,Windy,35
AirC,MAA,BLR,17,20,1538,5,10,Clear,3
AirB,AMD,BLR,19,23,980,1,1,Clear,7
AirC,MAA,CCU,23,0,727,2,1,Clear,42
AirD,HYD,BOM,15,17,1596,2,9,Clear,44
AirE,BLR,COK,0,4,900,5,5,Clear,9
AirC,BLR,DEL,15,19,1054,2,6,Clear,44
AirB,COK,CCU,0,4,978,0,5,Clear,25
AirD,BOM,BLR,16,20,1343,5,5,Fog,50
AirD,BLR,COK,20,0,1284,2,2,Clear,6
AirB,BOM,CCU,23,1,1411,6,6,Clear,25
AirA,BLR,MAA,21,1,1162,4,10,Storm,22
AirA,AMD,COK,6,7,135,4,4,Rain,27
AirD,DEL,BOM,22,1,953,2,9,Clear,38
AirB,DEL,CCU,16,20,781,5,6,Clear,40
AirD,COK,AMD,3,5,976,3,3,Rain,21
AirE,DEL,COK,9,11,1782,0,8,Clear,33
AirE,HYD,AMD,8,12,1112,0,10,Fog,35
AirA,AMD,COK,20,21,1395,4,7,Rain,62
AirB,AMD,BOM,4,6,796,4,12,Clear,18
AirD,COK,MAA,15,17,573,4,7,Clear,53
AirE,MAA,DEL,19,22,861,2,10,Clear,19
AirE,MAA,AMD,1,2,995,2,4,Clear,53
AirC,BOM,HYD,11,14,1700,0,8,Fog,30
AirE,MAA,AMD,13,15,1376,2,2,Rain,34
AirB,HYD,DEL,18,19,1319,1,5,Clear,28
AirD,BLR,HYD,3,5,1992,0,8,Storm,54
AirE,MAA,BLR,22,23,378,0,3,Clear,19
AirD,AMD,BLR,21,22,798,2,1,Clear,31
AirD,BOM,DEL,14,18,984,4,3,Rain,27
AirE,MAA,HYD,22,2,668,6,5,Clear,24
AirE,BOM,MAA,17,20,687,0,10,Storm,18
AirE,AMD,DEL,8,10,894,1,2,Clear,6
AirA,COK,MAA,3,5,1375,6,3,Rain,16
AirC,DEL,BOM,18,21,1249,2,2,Clear,39
AirE,MAA,CCU,16,17,923,0,6,Clear,16
AirE,AMD,COK,14,15,179,5,5,Windy,15
AirB,CCU,BLR,16,18,1266,6,1,Rain,23
AirA,BOM,COK,9,13,883,5,12,Clear,12
AirB,MAA,DEL,4,5,839,2,6,Clear,19
AirE,MAA,HYD,15,16,1008,5,3,Storm,15
AirB,BOM,HYD,4,7,1115,0,6,Storm,64
AirA,BOM,HYD,21,0,894,0,1,Clear,3
AirD,BLR,HYD,4,6,870,4,7,Rain,18
AirB,BOM,BLR,20,22,556,5,1,Windy,0
AirB,MAA,AMD,7,10,253,1,2,Clear,23
AirB,MAA,BLR,21,1,488,5,11,Clear,29
AirC,CCU,HYD,1,3,1429,1,2,Clear,59
AirB,MAA,BLR,5,6,1083,6,12,Clear,60
AirB,AMD,BLR,9,10,1631,3,8,Clear,46
AirB,COK,CCU,10,13,1875,2,3,Clear,82
AirD,AMD,MAA,23,0,1318,2,11,Rain,19
AirB,BOM,MAA,20,21,1589,3,10,Clear,20
AirB,COK,BOM,8,10,348,6,9,Rain,14
AirC,CCU,COK,16,18,903,0,8,Rain,20
AirB,MAA,AMD,13,17,1509,4,10,Clear,31
AirC,CCU,AMD,13,16,1874,3,2,Clear,23
AirE,MAA,DEL,6,7,1396,6,6,Clear,40
AirA,COK,MAA,3,5,166,0,2,Clear,48
AirA,MAA,BOM,9,10,712,5,4,Rain,39
AirC,COK,CCU,4,5,1412,4,6,Clear,35
AirA,CCU,BOM,18,21,1163,4,4,Windy,0
AirD,MAA,BOM,3,6,745,5,1,Clear,37
AirC,AMD,DEL,18,19,1423,4,6,Windy,46
AirD,BLR,COK,16,20,658,0,10,Rain,23
AirE,BOM,MAA,0,2,789,1,5,Clear,12
AirE,AMD,DEL,19,20,1442,4,9,Rain,27
AirA,COK,CCU,11,13,433,4,8,Windy,55
AirC,BOM,BLR,7,11,1017,3,8,Storm,46
AirE,COK,BOM,13,15,673,3,9,Fog,38
AirC,COK,CCU,0,3,674,6,1,Clear,19
AirC,CCU,BOM,5,7,678,6,3,Clear,35
AirE,BLR,COK,6,9,519,4,6,Rain,34
AirD,HYD,DEL,9,10,1758,1,1,Clear,55
AirD,COK,MAA,23,2,1280,4,4,Rain,48
AirD,DEL,MAA,4,8,110,5,10,Clear,32
AirB,HYD,BOM,11,13,240,5,2,Rain,16
AirE,AMD,CCU,9,10,703,6,10,Clear,34
AirA,HYD,BOM,22,23,913,4,5,Clear,34
AirC,AMD,CCU,20,23,1068,4,9,Clear,25
AirB,BLR,MAA,19,20,1725,2,6,Clear,63
AirC,BOM,COK,18,20,763,0,7,Clear,12
AirA,BLR,HYD,10,12,765,3,2,Rain,21
AirE,AMD,BLR,6,7,1859,4,7,Clear,30
AirE,BLR,HYD,15,19,1142,1,1,Rain,53
AirB,HYD,CCU,18,21,1767,0,8,Fog,10
AirB,DEL,MAA,13,15,1503,0,7,Windy,58
AirC,CCU,COK,7,9,860,6,5,Clear,0
AirB,BOM,CCU,23,1,590,3,4,Rain,11
AirB,CCU,BLR,22,23,246,4,3,Clear,0
AirB,BLR,AMD,4,8,1646,1,2,Clear,60
AirE,MAA,BOM,19,21,953,3,8,Clear,19
AirC,HYD,AMD,16,18,1238,0,9,Clear,14
AirC,HYD,MAA,12,14,1850,4,11,Storm,63
AirB,MAA,BLR,5,7,1140,4,9,Clear,24
AirC,BLR,AMD,5,8,267,1,12,Rain,20
AirB,COK,BLR,20,0,801,1,2,Clear,20
AirB,COK,HYD,10,14,110,3,1,Rain,15
AirB,CCU,AMD,23,1,505,4,8,Clear,11
AirE,BOM,DEL,8,10,1573,4,9,Clear,43
AirA,COK,BOM,7,9,124,6,3,Storm,26
AirB,MAA,BOM,4,8,916,4,1,Windy,42
AirD,HYD,BOM,7,10,760,0,7,Rain,25
AirD,CCU,BOM,8,9,1661,6,10,Clear,43
AirB,COK,CCU,6,8,434,4,7,Clear,18
AirC,DEL,MAA,9,12,1396,5,8,Clear,48
AirB,BOM,HYD,10,14,1085,6,7,Clear,37
AirA,COK,DEL,0,4,592,1,12,Clear,0
AirB,DEL,CCU,22,23,1264,1,3,Clear,74
AirA,DEL,CCU,6,10,488,0,1,Clear,10
AirB,MAA,DEL,4,5,531,0,5,Windy,0
AirD,BOM,DEL,4,5,1038,3,6,Windy,12
AirC,HYD,COK,1,2,1834,3,4,Clear,49
AirE,HYD,DEL,10,12,924,1,9,Clear,35
AirE,COK,CCU,14,17,788,0,3,Clear,0
AirB,HYD,BLR,23,2,259,2,6,Rain,17
AirA,BLR,COK,13,14,1733,2,9,Clear,41
AirB,MAA,DEL,8,11,139,0,5,Rain,0
AirD,CCU,HYD,7,10,1299,1,2,Clear,46
AirA,DEL,HYD,18,20,1446,1,8,Clear,23
AirC,AMD,MAA,0,3,1694,0,11,Clear,29
AirE,DEL,BLR,18,21,634,1,10,Storm,36
AirB,MAA,DEL,13,14,1647,6,2,Clear,45
AirB,MAA,HYD,2,6,1449,2,7,Clear,39
AirD,MAA,AMD,4,5,377,3,4,Rain,14
AirA,DEL,CCU,0,2,573,2,2,Fog,20
AirE,MAA,COK,2,6,480,3,7,Clear,12
AirC,DEL,AMD,1,3,837,4,4,Clear,43
AirE,COK,BOM,19,23,1253,6,4,Rain,31
AirE,BOM,COK,5,8,1576,2,11,Clear,24
AirB,COK,BOM,16,17,891,3,2,Fog,40
AirA,COK,HYD,7,10,1150,5,2,Rain,32
AirD,COK,MAA,2,6,1681,6,9,Clear,68
AirA,HYD,BLR,21,23,600,4,2,Rain,44
AirE,BLR,HYD,17,19,1443,1,6,Clear,50
AirC,HYD,BOM,23,0,500,3,9,Clear,139
AirD,MAA,BLR,9,13,341,3,1,Clear,13
AirD,DEL,CCU,6,8,1289,6,10,Rain,25
AirB,DEL,AMD,11,12,1995,2,3,Fog,80
AirA,DEL,COK,7,11,1813,3,4,Clear,67
AirC,MAA,COK,5,7,121,1,3,Clear,9
AirD,CCU,MAA,12,13,1424,2,10,Clear,20
AirE,AMD,COK,22,23,794,2,12,Clear,11
AirA,BOM,MAA,9,12,134,4,6,Clear,23
AirD,BLR,CCU,20,23,1056,3,5,Clear,7
AirD,DEL,AMD,1,5,1897,6,10,Windy,77
AirE,MAA,BOM,12,14,1675,4,1,Clear,50
AirD,HYD,CCU,1,4,392,4,6,Clear,21
AirD,COK,AMD,13,17,330,0,4,Clear,11
AirB,BOM,HYD,4,7,1572,3,8,Clear,24
AirC,DEL,MAA,21,23,691,1,10,Rain,21
AirD,BLR,DEL,21,1,1407,0,11,Rain,20
AirE,BLR,DEL,23,3,1947,3,6,Clear,44
AirE,MAA,DEL,0,3,1158,5,5,Snow,24
AirA,BOM,CCU,11,13,375,4,2,Windy,31
AirC,DEL,AMD,11,13,1975,6,4,Rain,54
AirB,COK,BLR,22,2,768,5,5,Windy,37
AirC,DEL,CCU,17,19,1268,1,8,Fog,22
AirC,AMD,BLR,13,17,900,0,3,Windy,35
AirD,DEL,BOM,5,8,1708,0,9,Windy,59
AirE,COK,AMD,8,11,1447,1,6,Clear,54
AirA,CCU,BOM,12,15,1764,5,6,Rain,53
AirA,MAA,DEL,6,9,1016,2,12,Clear,46
AirB,BOM,MAA,7,9,1073,1,2,Clear,65
AirB,AMD,DEL,5,9,728,4,10,Clear,25
AirD,CCU,BOM,15,18,1449,5,2,Rain,21
AirE,CCU,BOM,22,2,1938,4,12,Windy,30
AirE,HYD,BOM,1,3,1063,4,4,Rain,54
AirD,BOM,DEL,3,5,1781,1,1,Windy,46
AirD,DEL,AMD,12,15,1706,6,8,Rain,63
AirD,MAA,COK,21,0,1945,0,12,Clear,55
AirE,HYD,MAA,8,10,620,6,10,Clear,24
AirB,AMD,BLR,4,8,149,2,4,Clear,2
AirA,CCU,DEL,4,7,1684,2,12,Fog,52
AirA,HYD,COK,14,17,1087,6,11,Clear,53
AirB,AMD,BOM,6,7,1781,2,10,Clear,20
AirA,BOM,AMD,23,3,401,2,4,Rain,0
AirE,BLR,COK,2,3,747,0,11,Clear,33
AirE,BLR,COK,1,5,616,3,11,Rain,31
AirD,COK,DEL,2,4,1961,1,7,Clear,25
AirC,DEL,AMD,19,23,761,3,10,Windy,33
AirB,HYD,CCU,22,2,1135,0,12,Windy,18
AirE,CCU,MAA,18,22,729,4,4,Fog,47
AirB,AMD,CCU,0,1,883,3,6,Clear,29
AirD,BLR,AMD,17,18,1701,0,5,Clear,44
AirB,MAA,DEL,22,0,1542,5,11,Clear,16
AirD,DEL,COK,14,15,141,5,2,Rain,18
AirC,AMD,CCU,19,21,172,6,5,Clear,43
AirC,DEL,CCU,19,21,1891,1,9,Clear,18
AirA,HYD,CCU,13,14,1559,2,3,Clear,37
AirE,DEL,HYD,1,5,636,6,4,Clear,16
AirD,DEL,HYD,5,9,1984,2,2,Rain,54
AirC,COK,BOM,1,3,444,1,11,Rain,0
AirA,BOM,HYD,8,12,289,5,3,Clear,29
AirA,MAA,COK,6,10,884,4,7,Clear,35
AirB,CCU,COK,19,22,1697,4,3,Clear,28
AirE,COK,CCU,4,6,1306,1,11,Clear,41
AirE,BLR,HYD,20,22,341,4,5,Clear,37
AirD,BLR,MAA,16,20,494,6,5,Storm,24
AirD,AMD,MAA,17,21,1350,0,4,Fog,28
AirB,COK,BLR,8,12,116,0,9,Rain,0
AirB,AMD,MAA,7,8,1407,2,7,Rain,32
AirA,CCU,BLR,22,2,1296,2,5,Rain,66
AirA,CCU,BOM,0,1,1558,2,8,Clear,43
AirB,CCU,HYD,3,6,535,6,3,Rain,13
AirB,HYD,AMD,15,19,1460,6,8,Rain,32
AirB,CCU,DEL,2,3,1927,5,4,Rain,55
AirB,DEL,HYD,3,7,1982,1,6,Clear,82
AirD,DEL,MAA,9,12,372,1,7,Clear,30
AirB,HYD,MAA,19,20,1295,2,1,Rain,3
AirA,MAA,BLR,14,16,248,4,5,Windy,20
AirC,AMD,HYD,21,0,1468,5,12,Clear,63
AirE,COK,AMD,19,22,1685,6,3,Clear,29
AirA,AMD,BOM,21,0,122,4,7,Clear,0
AirE,CCU,DEL,15,19,228,3,5,Fog,6
AirB,BOM,BLR,9,10,401,6,11,Clear,8
AirE,BLR,COK,3,5,333,1,10,Clear,4
AirA,MAA,BOM,15,18,1858,6,6,Fog,61
AirD,CCU,COK,3,7,635,5,3,Clear,16
AirA,CCU,AMD,3,4,625,2,8,Clear,16
AirD,MAA,CCU,23,1,1793,1,3,Clear,45
AirE,MAA,CCU,5,6,1026,3,3,Clear,50
AirA,CCU,BLR,17,20,1751,0,11,Storm,61
AirA,BLR,CCU,3,7,1875,6,11,Rain,60
AirD,BOM,AMD,8,10,1523,4,9,Clear,51
AirA,BOM,HYD,18,19,1549,2,10,Fog,71
AirE,MAA,BLR,20,22,803,4,4,Clear,29
AirA,AMD,BLR,3,5,908,5,12,Clear,22
AirD,AMD,BLR,3,4,1025,3,10,Clear,17
AirB,AMD,HYD,9,10,304,5,12,Clear,3
AirC,MAA,DEL,10,11,1656,3,2,Clear,54
AirC,MAA,AMD,15,18,1549,1,12,Rain,36
AirE,DEL,HYD,17,18,1254,6,10,Clear,16
AirD,BLR,HYD,8,9,1301,4,4,Clear,19
AirA,BLR,HYD,1,5,1053,2,9,Rain,63
AirB,BLR,BOM,20,21,1637,5,9,Rain,56
AirC,COK,AMD,21,1,443,6,8,Clear,19
AirA,AMD,CCU,20,0,1277,6,4,Rain,35
AirE,CCU,HYD,19,23,881,2,9,Clear,33
AirC,AMD,MAA,0,2,1111,2,6,Clear,56
AirC,DEL,MAA,18,19,406,2,8,Clear,14
AirE,COK,AMD,8,11,337,1,10,Clear,5
AirB,CCU,BOM,12,15,382,1,11,Windy,12
AirE,AMD,MAA,15,18,712,3,6,Windy,18
AirA,MAA,BOM,13,16,1139,0,7,Clear,18
AirB,CCU,BOM,22,2,1918,4,9,Clear,65
AirD,DEL,BOM,4,7,800,3,9,Storm,58
AirC,DEL,AMD,11,15,556,4,8,Clear,26
AirD,HYD,DEL,15,16,255,1,1,Clear,9
AirB,BOM,BLR,22,2,995,5,1,Storm,21
AirC,BOM,BLR,19,20,371,1,2,Clear,24
AirC,MAA,DEL,14,16,242,6,5,Clear,0
AirD,HYD,MAA,11,12,650,0,3,Clear,27
AirC,CCU,BOM,1,5,657,5,4,Clear,34
AirC,HYD,AMD,13,16,695,0,9,Clear,29
AirC,DEL,MAA,8,12,1079,4,7,Rain,21
AirD,CCU,BLR,18,21,1111,5,8,Rain,18
AirA,AMD,MAA,13,16,920,2,9,Clear,29
AirD,BOM,COK,7,9,1996,4,6,Fog,65
AirC,BOM,CCU,17,18,1890,4,5,Clear,38
AirD,BLR,HYD,8,9,1447,2,1,Clear,31
AirA,BOM,DEL,19,20,505,4,3,Clear,23
AirC,MAA,AMD,6,10,639,3,6,Rain,19
AirA,DEL,BLR,11,13,829,2,8,Clear,0
AirA,COK,HYD,16,19,1547,5,3,Clear,78
AirA,HYD,BLR,7,10,503,3,1,Clear,9
AirA,AMD,HYD,9,12,1945,5,9,Clear,52
AirC,BOM,AMD,22,23,1674,4,11,Clear,32
AirE,BLR,COK,18,22,683,4,5,Clear,5
AirD,DEL,HYD,7,8,958,5,7,Rain,44
AirA,CCU,MAA,17,19,1447,5,1,Clear,25
AirD,BLR,DEL,11,13,1878,6,9,Windy,42
AirA,DEL,BOM,18,21,1389,5,2,Clear,44
AirE,HYD,BOM,15,17,395,1,1,Rain,1
AirC,BLR,AMD,12,15,1085,4,5,Storm,34
AirD,COK,CCU,10,12,519,2,7,Clear,0
AirD,MAA,DEL,2,5,1279,3,9,Clear,47
AirA,HYD,MAA,0,4,778,1,8,Clear,0
AirE,AMD,BLR,0,3,1271,2,10,Rain,14
AirC,BLR,DEL,5,9,424,1,4,Clear,36
AirD,BLR,HYD,17,18,1025,2,3,Windy,23
AirC,DEL,MAA,17,19,1950,4,5,Clear,47
AirE,COK,DEL,4,7,1210,5,4,Windy,21
AirD,BLR,HYD,15,17,167,4,5,Clear,14
AirE,HYD,COK,22,1,998,1,2,Clear,11
AirD,BOM,BLR,23,0,582,4,2,Clear,8
AirA,BOM,COK,17,21,1337,0,8,Rain,30
AirA,COK,MAA,21,0,163,2,5,Clear,0
AirD,HYD,COK,21,0,1610,3,5,Rain,51
AirA,BOM,MAA,15,19,1871,3,6,Clear,41
AirC,BLR,CCU,23,2,498,2,11,Fog,45
AirC,DEL,COK,18,21,1874,3,7,Windy,35
AirA,AMD,MAA,12,13,436,0,1,Fog,32
AirB,AMD,HYD,21,0,1958,5,10,Clear,5
AirD,DEL,BLR,23,2,795,5,9,Rain,44
AirE,AMD,COK,8,11,356,3,3,Rain,0
AirA,DEL,CCU,13,17,1383,5,6,Clear,69
AirB,COK,HYD,18,21,457,1,8,Clear,30
AirD,AMD,HYD,1,3,1597,4,8,Clear,30
AirC,HYD,COK,6,7,1930,0,1,Rain,34
AirE,BOM,HYD,18,19,1404,5,1,Rain,36
AirD,MAA,DEL,13,15,511,5,4,Clear,36
AirD,COK,BOM,22,2,1589,3,7,Clear,27
AirA,CCU,BLR,17,21,1849,5,1,Clear,61
AirA,HYD,COK,11,12,1955,4,12,Clear,28
AirD,MAA,COK,17,20,918,4,3,Fog,21
AirD,BOM,HYD,16,18,570,1,1,Snow,28
AirE,COK,BOM,12,13,1028,3,11,Windy,44
AirA,COK,MAA,18,21,1775,4,10,Clear,9
AirC,CCU,DEL,13,16,1359,0,12,Fog,41
AirE,COK,MAA,1,5,748,0,6,Clear,20
AirE,COK,DEL,8,12,875,6,4,Rain,32
AirD,MAA,HYD,7,9,1561,0,4,Clear,42
AirB,COK,MAA,14,15,1709,5,5,Fog,44
AirA,MAA,CCU,9,12,486,6,6,Clear,18
AirD,DEL,COK,5,6,1975,6,12,Clear,49
AirD,DEL,COK,21,22,1805,2,9,Clear,60
AirD,BLR,CCU,11,15,819,2,5,Rain,15
AirC,BLR,MAA,7,8,1082,0,8,Clear,7
AirA,COK,DEL,1,5,1328,6,12,Clear,24
AirB,AMD,BLR,22,23,1947,3,2,Rain,70
AirB,MAA,AMD,9,10,125,0,10,Clear,17
AirE,COK,MAA,14,17,1535,2,11,Storm,43
AirA,CCU,AMD,8,10,1365,1,1,Snow,43
AirA,BOM,CCU,0,2,521,2,2,Clear,50
AirB,HYD,DEL,13,14,1346,5,3,Clear,37
AirD,COK,BOM,11,12,1844,2,2,Fog,52
AirA,DEL,MAA,22,1,969,5,2,Windy,34
AirC,COK,BOM,1,2,718,2,5,Windy,22
AirD,CCU,HYD,0,3,1162,0,11,Windy,39
AirE,HYD,MAA,8,9,173,3,5,Clear,33
AirB,MAA,DEL,22,2,1043,2,6,Clear,34
AirC,MAA,HYD,12,14,839,0,6,Clear,6
AirC,BOM,BLR,6,9,1981,5,1,Rain,25
AirD,COK,BOM,17,21,1060,1,1,Clear,8
AirB,BLR,DEL,21,23,1115,4,9,Windy,32
AirC,AMD,BOM,20,23,687,1,3,Clear,35
AirE,COK,CCU,3,6,973,3,2,Clear,25
AirA,AMD,BOM,15,18,1681,3,9,Clear,53
AirC,AMD,CCU,3,5,1659,1,4,Clear,37
AirE,AMD,MAA,22,23,680,6,5,Rain,13
AirE,COK,MAA,2,6,1814,5,4,Windy,46
AirD,CCU,BLR,4,5,1466,1,2,Fog,35
AirA,HYD,BOM,14,16,1863,6,8,Rain,58
AirA,AMD,BOM,22,1,1037,1,11,Clear,4
AirA,BLR,COK,15,19,1234,0,11,Rain,36
AirA,CCU,BLR,18,22,1204,0,8,Clear,29
AirE,HYD,BLR,16,18,862,0,9,Clear,30
AirD,COK,BOM,16,19,660,3,7,Clear,20
AirD,DEL,BLR,18,21,1542,5,10,Rain,11
AirD,AMD,BOM,18,20,988,0,1,Clear,3
AirE,AMD,HYD,2,5,815,2,11,Fog,21
AirD,MAA,AMD,1,5,1145,2,9,Rain,43
AirC,BOM,DEL,19,23,1963,3,1,Clear,28
AirC,COK,BOM,11,12,1001,0,5,Rain,19
AirB,AMD,BLR,18,20,296,2,2,Clear,13
AirA,COK,MAA,21,0,1714,6,7,Clear,38
AirB,CCU,DEL,8,9,1515,1,10,Clear,44
AirE,MAA,CCU,8,9,1205,1,4,Clear,17
AirB,DEL,BLR,2,6,1637,3,8,Rain,17
AirC,CCU,AMD,14,16,119,2,9,Clear,37
AirE,DEL,CCU,2,4,1842,2,10,Clear,66
AirA,BOM,COK,1,2,1575,0,3,Clear,49
AirD,DEL,CCU,12,16,1572,0,4,Snow,46
AirC,BLR,BOM,3,4,1360,5,10,Rain,46
AirC,HYD,DEL,2,6,1630,4,9,Clear,25
AirE,BOM,BLR,18,22,959,0,11,Rain,41
AirA,COK,AMD,14,18,1559,6,1,Clear,26
AirB,AMD,BOM,17,20,1953,1,1,Rain,55
AirC,CCU,COK,23,1,486,1,6,Rain,26
AirC,HYD,DEL,16,17,608,5,11,Clear,10
AirA,DEL,MAA,20,22,544,1,11,Rain,0
AirD,DEL,COK,10,11,1458,3,2,Storm,36
AirD,HYD,AMD,10,12,187,3,12,Clear,0
AirB,BLR,DEL,5,7,1464,4,5,Rain,51
AirD,COK,BLR,3,7,1567,2,8,Clear,49
AirE,CCU,DEL,19,23,252,4,7,Clear,23
AirA,DEL,BOM,6,10,196,0,5,Fog,28
AirE,BOM,AMD,21,22,729,4,10,Fog,21
AirA,COK,AMD,4,7,752,5,4,Clear,0
AirA,CCU,COK,1,2,745,3,2,Clear,0
AirB,BOM,CCU,9,12,1119,2,4,Clear,40
AirC,HYD,AMD,22,1,857,6,3,Clear,33
AirA,CCU,BLR,0,3,294,1,8,Rain,39
AirB,DEL,MAA,12,14,1029,4,1,Clear,29
AirA,CCU,COK,4,6,404,2,7,Rain,28
AirA,BLR,CCU,16,19,1660,2,3,Clear,65
AirA,HYD,MAA,8,12,1947,0,9,Fog,68
AirD,BOM,CCU,8,11,817,4,3,Storm,258
AirA,AMD,DEL,18,22,659,1,8,Fog,0
AirA,AMD,MAA,14,18,215,0,1,Clear,32
AirE,BOM,DEL,2,5,102,5,8,Clear,4
AirC,MAA,COK,10,12,1602,2,11,Clear,46
AirD,DEL,HYD,23,2,1171,0,4,Rain,38
AirE,AMD,COK,6,10,1437,3,1,Clear,48
AirD,BLR,AMD,5,6,1565,0,7,Rain,27
AirB,MAA,DEL,4,5,1593,5,10,Clear,66
AirC,BLR,HYD,1,3,833,3,10,Clear,16
AirA,DEL,BOM,17,21,470,1,7,Rain,9
AirC,HYD,BOM,0,2,784,3,5,Rain,38
AirD,CCU,HYD,9,12,1560,6,4,Clear,52
AirA,COK,AMD,21,23,992,4,3,Storm,47
AirB,AMD,HYD,23,1,1822,6,7,Windy,51
AirE,AMD,HYD,15,18,1399,3,11,Snow,42
AirE,DEL,MAA,12,15,1798,6,1,Windy,43
AirE,BOM,CCU,5,8,561,1,1,Rain,20
AirC,DEL,MAA,2,6,808,4,10,Clear,29
AirB,DEL,HYD,10,11,1399,2,7,Fog,33
AirD,COK,AMD,4,7,1784,3,2,Rain,55
AirC,AMD,BOM,17,20,1690,5,2,Clear,57
AirD,COK,AMD,8,11,1634,0,9,Clear,66
AirA,CCU,MAA,21,23,1877,6,1,Storm,57
AirD,DEL,BLR,22,1,1166,6,12,Clear,42
AirB,HYD,COK,12,14,904,0,6,Rain,32
AirC,AMD,MAA,7,10,1273,3,8,Clear,37
AirC,CCU,COK,14,18,1043,2,5,Storm,34
AirA,BOM,MAA,19,20,1357,0,7,Rain,31
AirD,BLR,DEL,9,11,1024,2,11,Rain,17
AirB,DEL,MAA,19,21,1481,1,4,Clear,44
AirD,AMD,CCU,7,10,209,4,8,Clear,14
AirA,MAA,HYD,12,16,135,4,10,Storm,11
AirB,CCU,AMD,10,14,1425,5,5,Clear,24
AirC,MAA,COK,22,23,1188,6,10,Storm,37
AirE,BLR,BOM,18,22,1035,0,10,Clear,21
AirE,BLR,DEL,7,11,1341,2,5,Clear,36
AirC,MAA,AMD,2,6,1141,6,7,Clear,58
AirE,COK,BLR,16,17,1513,2,9,Clear,36
AirA,COK,BOM,5,8,1545,3,5,Clear,55
AirE,HYD,DEL,15,17,707,4,6,Windy,7
AirC,DEL,MAA,11,12,926,6,5,Clear,31
AirA,CCU,HYD,20,22,1719,6,6,Rain,64
AirD,COK,BLR,21,1,580,0,1,Clear,46
AirC,COK,AMD,13,17,1899,2,10,Rain,59
AirB,CCU,BLR,6,7,707,1,2,Clear,39
AirE,AMD,CCU,16,20,1590,3,9,Clear,35
AirA,BLR,COK,8,10,1490,0,12,Clear,44
AirA,AMD,CCU,11,12,1360,5,9,Rain,24
AirB,HYD,BOM,10,13,1806,6,1,Clear,37
AirE,COK,AMD,23,1,441,1,6,Clear,20
AirC,BOM,MAA,23,0,1272,2,2,Rain,54
AirD,BOM,BLR,5,8,283,5,12,Storm,7
AirB,COK,MAA,16,17,1351,6,12,Windy,51
AirC,HYD,BOM,0,2,309,0,12,Clear,25
AirA,CCU,MAA,23,2,753,4,9,Fog,27
AirB,BLR,BOM,19,23,1483,1,3,Fog,53
AirC,MAA,BLR,20,0,1405,6,2,Fog,53
AirD,CCU,MAA,22,2,282,0,6,Clear,7
AirA,MAA,CCU,20,22,1604,3,6,Rain,26
AirD,CCU,HYD,20,0,988,1,5,Clear,30
AirC,HYD,AMD,2,6,1365,1,9,Windy,33
AirC,COK,HYD,12,13,410,4,8,Clear,0
AirB,BLR,COK,18,20,1902,3,12,Clear,54
AirC,AMD,CCU,21,1,705,0,7,Windy,0
AirD,BLR,COK,0,3,377,4,1,Clear,4
AirB,COK,AMD,16,18,777,2,8,Clear,26
AirA,AMD,HYD,12,14,262,5,8,Storm,10
AirC,COK,BLR,20,0,774,3,6,Rain,23
AirE,DEL,COK,5,7,670,1,2,Clear,12
AirE,CCU,MAA,22,1,118,6,11,Clear,27
AirC,AMD,DEL,15,19,1995,4,1,Fog,75
AirC,AMD,MAA,12,14,925,5,5,Clear,10
AirD,AMD,HYD,3,4,957,3,2,Clear,23
AirC,CCU,BLR,6,7,1061,6,8,Clear,8
AirB,HYD,DEL,17,18,832,6,12,Clear,11
AirE,HYD,CCU,23,1,593,3,4,Rain,0
AirB,AMD,BLR,4,6,1335,5,8,Clear,37
AirC,BOM,BLR,3,6,1575,0,9,Clear,45
AirA,MAA,CCU,15,18,878,4,11,Rain,32
AirD,CCU,HYD,0,2,212,2,9,Clear,12
AirA,MAA,DEL,12,16,467,6,9,Rain,0
AirB,HYD,AMD,8,9,1457,2,4,Clear,38
AirE,CCU,AMD,16,20,993,1,12,Clear,28
AirC,BOM,BLR,18,20,582,4,11,Clear,20
AirE,MAA,AMD,21,23,1597,2,11,Rain,41
AirD,MAA,HYD,10,11,1186,4,1,Clear,32
AirD,COK,CCU,22,2,1905,1,7,Clear,34
AirE,COK,BOM,14,18,1554,5,4,Clear,61
AirD,COK,MAA,5,8,1287,1,6,Clear,40
AirD,HYD,COK,18,21,133,4,11,Rain,20
AirD,BLR,AMD,18,21,1673,5,4,Rain,38
AirA,AMD,MAA,17,19,1640,3,7,Rain,63
AirB,COK,DEL,8,10,1730,6,4,Windy,27
AirC,BLR,HYD,18,21,1304,1,11,Clear,8
AirE,CCU,BOM,23,0,1006,6,5,Rain,127
AirD,CCU,BLR,0,3,1471,0,12,Rain,46
AirC,DEL,MAA,7,9,1294,2,3,Clear,55
AirA,HYD,DEL,16,20,1439,5,4,Clear,27
AirA,COK,BLR,21,23,402,4,6,Clear,28
AirD,DEL,MAA,8,12,261,1,9,Fog,168
AirA,DEL,COK,6,10,677,0,3,Clear,0
AirC,DEL,AMD,13,15,1408,6,12,Clear,48
AirB,AMD,DEL,11,13,1577,3,4,Rain,9
AirE,MAA,BLR,0,1,263,3,2,Clear,27
AirE,MAA,HYD,7,10,1585,6,6,Rain,29
AirE,CCU,HYD,14,18,1524,0,6,Fog,34
AirC,HYD,AMD,10,11,1368,6,3,Clear,41
AirE,BOM,COK,2,3,1324,4,6,Storm,64
AirC,BLR,AMD,0,4,1039,6,11,Storm,19
AirC,COK,CCU,15,18,1655,5,3,Storm,29
AirE,MAA,CCU,7,8,1235,2,1,Rain,18
AirC,MAA,COK,19,20,375,0,7,Fog,48
AirE,COK,MAA,21,1,151,6,5,Rain,13
AirD,AMD,DEL,15,18,1149,6,11,Clear,43
AirC,MAA,AMD,22,0,1902,1,10,Storm,71
AirC,BOM,CCU,13,17,841,0,10,Clear,27
AirC,CCU,COK,3,4,1789,5,12,Clear,51
AirE,AMD,BLR,12,13,480,5,6,Clear,5
AirB,BOM,COK,21,22,1338,4,7,Clear,61
AirA,DEL,BLR,21,22,1590,0,4,Clear,41
AirD,COK,HYD,14,16,1340,2,6,Clear,25
AirD,DEL,CCU,22,23,1613,6,6,Clear,34
AirE,DEL,CCU,19,20,612,3,5,Rain,14
AirD,BOM,CCU,3,4,170,5,2,Fog,0
AirB,MAA,BOM,10,13,1667,5,9,Clear,57
AirC,CCU,BOM,3,4,1652,6,10,Clear,21
AirB,MAA,COK,3,5,1213,4,7,Rain,34
AirB,CCU,DEL,12,14,681,3,8,Storm,0
AirA,DEL,BLR,9,10,1647,5,11,Clear,28
AirD,CCU,COK,0,3,1825,4,2,Rain,38
AirC,DEL,COK,5,6,1309,0,12,Clear,33
AirD,BOM,DEL,3,4,1221,4,8,Clear,41
AirA,COK,AMD,15,18,1802,3,12,Clear,62
AirB,COK,CCU,4,7,296,1,5,Clear,26
AirE,BOM,AMD,2,5,877,3,3,Clear,10
AirE,COK,BOM,2,6,619,6,10,Clear,11
AirE,BOM,BLR,13,14,1116,6,7,Clear,32
AirA,COK,MAA,0,2,1614,5,8,Clear,17
AirC,HYD,AMD,4,7,1148,1,11,Clear,34
AirD,CCU,BLR,18,22,1278,6,9,Clear,37
AirE,COK,HYD,19,21,949,6,2,Rain,36
AirB,CCU,AMD,11,14,1072,1,9,Rain,24
AirE,MAA,BLR,0,3,1038,6,6,Clear,44
AirB,MAA,AMD,0,3,1663,2,4,Fog,50
AirC,AMD,HYD,12,14,1466,3,6,Clear,33
AirC,MAA,HYD,13,17,335,6,7,Clear,1
AirC,AMD,CCU,10,13,1018,5,11,Clear,27
AirE,BLR,AMD,22,1,912,3,2,Clear,20
AirD,BOM,CCU,8,9,208,0,5,Rain,24
AirE,BLR,AMD,19,20,1881,4,12,Clear,212
AirC,BLR,HYD,5,7,1198,5,2,Windy,35
AirC,BLR,MAA,17,21,1364,3,8,Clear,36
AirD,HYD,BOM,1,2,1861,4,3,Storm,52
AirC,BLR,DEL,9,12,580,1,12,Rain,4
AirE,DEL,CCU,8,12,1614,6,10,Rain,11
AirB,MAA,COK,8,11,114,3,8,Rain,10
AirB,CCU,DEL,12,16,1037,4,10,Clear,45
AirC,AMD,CCU,13,17,620,5,5,Clear,16
AirD,AMD,BLR,19,22,1253,5,8,Snow,14
AirE,CCU,COK,13,15,278,4,7,Clear,8
AirE,DEL,BLR,12,14,970,3,10,Rain,15
AirC,DEL,MAA,21,1,1315,4,3,Clear,36
AirA,MAA,AMD,11,14,1670,6,1,Rain,40
AirC,BLR,DEL,15,18,1113,2,8,Clear,26
AirE,COK,AMD,9,11,647,0,6,Rain,60
AirE,HYD,BLR,22,23,785,2,10,Clear,19
AirE,HYD,BOM,15,16,665,6,11,Storm,25
AirC,CCU,BLR,12,13,768,6,8,Rain,33
AirC,BLR,MAA,15,17,1066,3,7,Clear,25
AirE,BLR,BOM,3,4,1822,6,1,Clear,52
AirC,MAA,CCU,15,16,1440,6,1,Clear,44
AirB,DEL,CCU,13,15,1458,6,6,Clear,33
AirE,BLR,BOM,23,3,451,4,4,Clear,26
AirD,HYD,BLR,1,3,601,6,7,Clear,4
AirB,BLR,HYD,13,14,1691,5,4,Clear,44
AirC,COK,DEL,16,19,1396,1,7,Rain,7
AirA,COK,HYD,19,23,1651,2,9,Clear,45
AirB,BLR,BOM,8,11,711,5,6,Rain,26
AirA,BLR,COK,3,4,1205,2,11,Rain,29
AirB,BLR,AMD,3,7,1705,5,2,Clear,62
AirE,BOM,AMD,9,10,1202,1,7,Rain,27
AirB,DEL,COK,2,5,347,1,10,Clear,30
AirA,MAA,DEL,10,11,1016,1,9,Clear,19
AirC,AMD,BOM,5,9,631,2,6,Windy,2
AirA,CCU,MAA,2,4,385,4,6,Windy,20
AirC,BLR,BOM,1,2,1666,5,2,Clear,27
AirC,AMD,CCU,18,19,1605,2,2,Clear,24
AirE,HYD,COK,0,3,996,2,5,Fog,177
AirD,BLR,COK,9,13,270,0,9,Storm,16
AirE,CCU,MAA,14,16,913,4,4,Rain,60
AirB,COK,BLR,4,8,1961,5,9,Rain,30
AirE,DEL,CCU,18,20,1001,4,1,Clear,28
AirE,CCU,BOM,4,5,1253,6,10,Clear,41
AirE,DEL,MAA,14,17,1978,4,2,Clear,74
AirB,BOM,AMD,8,9,1696,5,4,Rain,47
AirB,DEL,CCU,3,4,225,3,1,Clear,15
AirD,AMD,BLR,14,16,766,3,1,Clear,28
AirB,DEL,AMD,3,5,1322,4,9,Rain,30
AirC,COK,CCU,8,9,443,5,8,Clear,16
AirA,DEL,BLR,23,0,935,0,1,Clear,33
AirB,COK,BLR,17,19,595,3,5,Clear,46
AirA,COK,AMD,3,5,1118,3,8,Clear,28
AirC,DEL,COK,13,17,1556,1,5,Clear,16
AirC,BLR,COK,0,4,276,6,3,Clear,9
AirE,HYD,AMD,13,15,967,4,6,Clear,44
AirB,HYD,DEL,7,8,586,3,6,Rain,30
AirB,HYD,AMD,0,2,1244,4,4,Clear,23
AirE,DEL,MAA,1,3,719,5,1,Fog,57
AirB,MAA,DEL,20,0,1939,3,8,Clear,52
AirE,CCU,BLR,15,19,229,3,4,Rain,37
AirD,HYD,BOM,1,5,1632,5,6,Clear,52
AirB,MAA,COK,21,23,1496,2,8,Clear,33
AirC,COK,AMD,4,7,242,2,10,Rain,28
AirA,CCU,BOM,5,6,1277,4,8,Clear,52
AirC,CCU,HYD,22,0,877,3,6,Clear,30
AirA,DEL,BOM,16,17,1062,5,3,Clear,46
AirB,COK,BOM,1,5,1204,1,2,Clear,49
AirC,CCU,BLR,11,12,1125,1,11,Clear,44
AirD,COK,DEL,11,12,1649,5,2,Clear,51
AirB,HYD,AMD,19,23,954,6,9,Clear,0
AirB,HYD,BLR,18,20,1417,2,10,Rain,33
AirE,BLR,CCU,6,10,900,2,2,Clear,17
AirD,DEL,BOM,10,13,837,0,4,Clear,17
AirA,COK,DEL,17,20,1028,4,2,Rain,24
AirE,HYD,MAA,20,22,442,3,1,Windy,32
AirD,BLR,AMD,12,16,1724,3,10,Rain,27
AirA,MAA,DEL,20,21,1653,0,5,Clear,0
AirC,COK,BOM,7,10,797,1,12,Fog,34
AirD,DEL,AMD,4,7,381,1,8,Clear,42
AirD,BLR,AMD,4,5,1640,2,10,Rain,29
AirD,AMD,BOM,14,18,1863,4,6,Clear,30
AirB,COK,HYD,22,23,1976,4,1,Windy,43
AirE,CCU,MAA,7,11,770,4,10,Clear,20
AirE,AMD,BLR,8,12,1960,5,4,Clear,46
AirE,CCU,DEL,12,16,669,5,11,Snow,25
AirA,CCU,BLR,7,8,867,2,10,Clear,15
AirC,DEL,COK,21,1,962,1,8,Clear,13
AirB,MAA,HYD,2,3,672,4,2,Rain,54
AirD,COK,BLR,12,14,1330,3,10,Fog,50
AirB,DEL,BLR,6,10,1853,0,11,Clear,61
AirA,HYD,CCU,22,0,1255,0,11,Clear,38
AirB,BLR,AMD,14,17,1490,2,11,Clear,43
AirE,CCU,BOM,3,7,1059,5,12,Clear,38
AirA,HYD,DEL,17,20,1759,0,12,Clear,60
AirE,MAA,AMD,22,2,627,4,5,Clear,19
AirE,BOM,CCU,12,14,305,5,4,Clear,13
AirD,COK,MAA,1,3,424,6,10,Clear,41
AirE,DEL,BOM,9,11,1567,2,5,Clear,26
AirE,BLR,DEL,16,17,1181,0,4,Rain,48
AirC,MAA,DEL,0,1,1969,0,11,Clear,13
AirA,CCU,DEL,20,0,226,5,7,Clear,7
AirA,MAA,HYD,23,0,1653,6,6,Windy,51
AirB,COK,BOM,8,12,1446,0,6,Clear,51
AirD,COK,DEL,20,0,1491,6,6,Clear,177
AirC,BOM,AMD,21,0,1677,1,11,Clear,279
AirB,CCU,HYD,3,6,1652,4,7,Fog,46
AirE,DEL,BOM,18,22,1333,0,8,Storm,227
AirD,BLR,AMD,23,3,518,5,11,Clear,11
AirA,DEL,AMD,6,10,953,1,11,Rain,39
AirA,COK,DEL,11,15,921,6,2,Clear,27
AirC,BLR,CCU,7,10,1302,2,2,Clear,22
AirD,CCU,MAA,11,13,334,5,6,Clear,12
AirA,BLR,AMD,11,13,232,3,2,Clear,8
AirB,DEL,BOM,14,16,1231,1,1,Clear,52
AirB,HYD,DEL,5,6,413,2,2,Storm,37
AirB,COK,DEL,2,5,313,5,10,Clear,15
AirE,AMD,DEL,3,5,1354,0,4,Clear,25
AirB,BLR,MAA,12,15,376,5,4,Fog,1
AirC,CCU,MAA,7,8,1447,5,11,Rain,7
AirA,BOM,BLR,8,10,1884,4,4,Clear,51
AirC,CCU,BOM,2,6,541,3,8,Fog,22
AirE,BLR,DEL,20,21,1391,4,8,Clear,18
AirC,BOM,HYD,10,12,938,4,8,Clear,0
AirC,AMD,CCU,10,11,938,4,2,Fog,38
AirA,MAA,AMD,6,7,1680,2,6,Rain,30
AirB,AMD,HYD,19,20,1458,3,1,Storm,72
AirE,CCU,DEL,5,7,472,4,3,Clear,34
AirB,BOM,COK,17,20,324,5,6,Clear,17
AirC,COK,AMD,20,23,1424,3,8,Rain,54
AirE,BOM,DEL,6,8,1682,4,11,Clear,45
AirB,AMD,CCU,18,19,1699,4,6,Rain,52
AirD,HYD,BOM,23,3,128,3,11,Clear,28
AirB,BOM,COK,10,13,437,2,1,Clear,32
AirD,CCU,BLR,10,12,695,2,3,Clear,26
AirA,DEL,BOM,5,6,1538,1,2,Clear,30
AirA,CCU,HYD,15,16,486,1,5,Clear,36
AirD,DEL,HYD,14,17,755,0,5,Clear,44
AirE,AMD,CCU,10,11,1957,5,11,Storm,47
AirC,AMD,BLR,20,23,931,5,5,Clear,5
AirE,AMD,MAA,7,9,1425,6,2,Clear,25
AirE,HYD,MAA,19,20,985,4,6,Windy,31
AirE,AMD,HYD,15,17,258,5,5,Clear,31
AirB,COK,BOM,16,19,1087,3,8,Rain,6
AirB,MAA,BLR,13,15,636,0,5,Rain,23
AirE,BOM,CCU,5,6,1701,1,10,Rain,31
AirE,MAA,AMD,23,3,1335,0,1,Clear,18
AirC,AMD,HYD,11,12,944,0,8,Clear,33
AirD,MAA,BOM,16,19,1330,6,9,Clear,36
AirE,BOM,HYD,9,12,1077,1,7,Fog,55
AirC,CCU,BOM,11,14,148,1,1,Clear,23
AirD,MAA,DEL,20,0,1923,3,1,Clear,52
AirD,BLR,AMD,15,17,694,0,5,Clear,29
AirE,MAA,COK,3,7,791,4,2,Clear,12
AirB,COK,MAA,11,14,1682,6,6,Clear,49
AirA,COK,DEL,19,23,337,5,11,Rain,0
AirB,CCU,BOM,19,21,854,0,3,Fog,28
AirD,BOM,HYD,16,18,1229,1,11,Clear,54
AirA,BLR,DEL,3,7,1781,0,9,Clear,38
AirB,COK,AMD,3,5,853,0,1,Storm,16
AirC,BOM,DEL,9,13,201,4,10,Fog,30
AirE,MAA,AMD,13,14,1215,3,5,Clear,25
AirE,HYD,COK,12,13,333,0,3,Clear,28
AirA,DEL,BOM,2,4,679,0,3,Clear,14
AirA,DEL,HYD,21,22,271,6,12,Rain,3
AirB,MAA,DEL,23,2,1506,0,2,Rain,24
AirC,COK,BOM,23,0,1321,2,12,Clear,33
AirB,DEL,BOM,20,0,715,3,12,Fog,43
AirB,BOM,AMD,7,9,924,6,9,Clear,42
AirC,CCU,BOM,7,11,125,2,3,Clear,257
AirD,BLR,DEL,18,19,1732,6,7,Clear,37
AirE,COK,BLR,4,6,1074,4,12,Rain,15
AirC,DEL,BOM,20,22,1917,4,7,Clear,32
AirB,HYD,DEL,23,1,1548,3,10,Clear,38
AirB,HYD,CCU,21,23,873,1,7,Snow,39
AirB,BLR,HYD,20,21,1517,4,7,Clear,44
AirB,BLR,HYD,1,4,1309,1,3,Clear,17
AirC,DEL,AMD,8,12,1583,4,3,Clear,56
AirE,BLR,MAA,17,21,432,0,2,Clear,0
AirC,CCU,DEL,13,14,1030,5,12,Clear,23
AirB,BLR,MAA,1,5,1338,1,6,Fog,46
AirA,AMD,BLR,20,23,1625,1,2,Clear,41
AirA,BLR,HYD,9,12,297,6,12,Clear,23
AirE,BLR,HYD,10,11,710,2,1,Clear,32
AirE,BOM,COK,10,13,1500,1,8,Clear,42
AirE,MAA,HYD,20,21,1143,6,6,Rain,40
AirA,AMD,DEL,5,6,1446,0,1,Clear,43
AirC,BOM,COK,4,6,1913,6,9,Storm,67
AirE,MAA,AMD,4,8,1227,5,1,Clear,64
AirD,COK,HYD,9,12,1724,5,8,Clear,74
AirB,CCU,DEL,12,16,606,1,4,Clear,8
AirB,BLR,BOM,6,10,1213,4,12,Clear,16
AirB,DEL,HYD,22,23,881,6,1,Clear,25
AirB,HYD,COK,19,21,1910,4,7,Clear,27
AirA,CCU,DEL,8,9,1824,5,1,Fog,54
AirA,MAA,DEL,9,13,1976,2,11,Rain,61
AirA,AMD,CCU,15,18,1117,5,12,Clear,14
AirA,HYD,BOM,19,20,1189,0,12,Rain,51
AirD,HYD,AMD,0,3,868,4,6,Fog,16
AirB,HYD,AMD,13,16,733,6,8,Clear,60
AirA,HYD,MAA,15,19,1232,6,6,Rain,33
AirE,DEL,BLR,2,6,1963,3,6,Rain,48
AirE,MAA,BOM,10,13,1902,6,1,Rain,19
AirC,COK,HYD,14,15,1749,2,10,Clear,46
AirD,MAA,CCU,17,19,1914,2,10,Clear,54
AirC,COK,DEL,22,0,661,5,6,Clear,22
AirC,CCU,MAA,11,14,1816,6,8,Clear,36
AirD,MAA,COK,17,20,1264,4,4,Clear,41
AirA,BOM,MAA,4,5,1781,0,8,Rain,91
AirD,MAA,HYD,1,3,1522,6,1,Clear,60
AirD,HYD,BLR,13,15,470,5,11,Clear,34
AirC,HYD,CCU,23,0,373,3,12,Clear,38
AirD,CCU,AMD,20,22,1593,1,3,Rain,41
AirD,AMD,DEL,21,22,408,3,11,Snow,30
AirB,HYD,AMD,14,16,1564,4,2,Clear,60
AirE,DEL,CCU,3,5,1487,0,7,Clear,201
AirB,DEL,COK,18,22,479,2,8,Fog,26
AirC,DEL,BLR,15,16,333,0,4,Clear,3
AirC,AMD,DEL,3,6,1270,6,12,Rain,28
AirC,COK,BLR,17,20,1555,1,12,Windy,49
AirD,COK,BOM,1,2,1490,1,1,Storm,65
AirE,BOM,MAA,0,3,599,0,8,Clear,45
AirA,DEL,BOM,8,12,186,2,2,Windy,25
AirD,HYD,AMD,13,17,1425,5,11,Rain,32
AirC,BLR,CCU,5,9,921,4,11,Clear,46
AirA,CCU,HYD,19,21,1075,4,9,Clear,6
AirE,COK,DEL,20,21,877,5,8,Rain,17
AirB,BLR,DEL,8,11,1006,3,10,Clear,26
AirC,HYD,CCU,3,6,152,1,7,Clear,35
AirD,AMD,BOM,12,16,1538,5,11,Storm,38
AirE,BOM,BLR,6,10,1130,2,7,Rain,3
AirB,COK,HYD,22,1,1415,0,8,Fog,13
AirE,DEL,COK,14,17,843,6,1,Storm,13
AirC,BLR,HYD,22,23,720,6,5,Windy,43
AirE,COK,MAA,10,11,1494,2,7,Rain,43
AirB,HYD,CCU,7,8,1175,2,1,Rain,33
AirC,AMD,CCU,9,10,980,2,2,Fog,16
AirA,MAA,DEL,11,15,1455,6,1,Clear,22
AirD,AMD,BLR,6,8,1074,5,10,Fog,30
AirA,HYD,COK,17,21,1515,0,10,Clear,27
AirB,AMD,BLR,11,12,703,5,11,Rain,31
AirC,MAA,BOM,13,16,1416,1,2,Windy,36
AirC,HYD,MAA,1,3,1066,1,1,Clear,69
AirE,BOM,MAA,5,9,1541,0,12,Rain,40
AirC,DEL,MAA,19,23,144,3,11,Clear,28
AirC,BLR,CCU,14,16,1095,4,1,Clear,39
AirE,AMD,BOM,2,4,280,2,3,Windy,10
AirC,CCU,BLR,16,20,1872,1,7,Clear,39
AirD,COK,HYD,19,23,410,0,7,Clear,8
AirB,AMD,BOM,8,12,134,6,4,Rain,21
AirC,DEL,HYD,6,10,1203,0,12,Clear,54
AirA,BOM,DEL,6,10,1966,4,2,Windy,60
AirE,BLR,HYD,11,15,1654,6,6,Clear,37
AirE,DEL,AMD,6,9,425,2,11,Clear,26
AirB,HYD,BLR,4,5,1727,5,7,Windy,60
AirB,MAA,BOM,0,1,1456,4,4,Clear,57
AirA,HYD,AMD,16,19,704,3,5,Fog,54
AirE,MAA,COK,5,9,1784,4,6,Clear,67
AirD,BLR,CCU,23,3,948,4,8,Clear,44
AirA,DEL,AMD,21,1,1325,1,6,Clear,7
AirA,COK,DEL,12,15,476,5,8,Rain,14
AirD,MAA,COK,10,11,907,0,5,Clear,63
AirC,BLR,DEL,1,3,1453,2,12,Clear,36
AirB,BLR,HYD,4,6,420,5,2,Rain,24
AirE,CCU,DEL,7,10,1851,5,6,Clear,66
AirD,HYD,BOM,11,13,1109,6,7,Clear,34
AirA,COK,DEL,8,10,283,0,7,Clear,41
AirC,CCU,HYD,2,6,930,2,4,Rain,15
AirA,DEL,BOM,6,9,693,3,9,Clear,16
AirB,COK,BOM,0,2,475,0,3,Clear,0
AirE,AMD,MAA,11,13,1527,1,1,Clear,56
AirD,CCU,AMD,12,16,1915,4,8,Fog,45
AirA,BLR,MAA,18,21,1934,4,5,Clear,24
AirC,MAA,DEL,9,11,815,6,10,Storm,19
AirB,BOM,BLR,23,0,733,1,2,Clear,17
AirA,BLR,COK,20,23,455,3,8,Clear,0
AirB,MAA,DEL,10,13,1836,5,3,Rain,43
AirC,COK,AMD,18,20,264,4,1,Clear,0
AirE,COK,BLR,1,3,338,3,12,Clear,13
AirD,COK,BLR,12,14,864,2,8,Snow,35
AirC,BLR,COK,2,3,1760,1,1,Fog,73
AirE,BLR,BOM,21,1,652,6,7,Clear,16
AirC,BLR,CCU,22,0,1314,0,12,Clear,60
AirB,BLR,CCU,13,17,1543,4,8,Clear,64
AirD,MAA,CCU,15,17,815,2,8,Clear,10
AirE,BLR,AMD,3,7,1440,3,10,Rain,42
AirA,DEL,AMD,9,11,1975,0,1,Rain,36
AirE,BOM,BLR,16,18,1008,5,11,Rain,17
AirE,BOM,AMD,16,19,556,1,8,Clear,37
AirA,BOM,COK,15,16,1253,4,1,Clear,24
AirA,BOM,BLR,21,0,1583,1,2,Windy,33
AirD,BLR,HYD,7,11,1429,4,5,Clear,46
AirE,DEL,MAA,14,16,1502,2,5,Clear,65
AirB,DEL,CCU,8,10,1238,6,10,Clear,58
AirD,DEL,AMD,15,18,244,2,3,Clear,31
AirC,AMD,CCU,23,1,1468,2,10,Clear,17
AirE,BLR,BOM,1,5,1708,3,3,Clear,31
AirC,BLR,BOM,5,9,1049,1,12,Clear,182
AirD,BOM,CCU,9,12,942,5,6,Clear,27
AirA,BOM,HYD,17,21,338,5,2,Clear,35
AirB,DEL,BOM,18,22,1855,6,3,Clear,53
AirE,MAA,HYD,10,14,390,4,11,Rain,23
AirD,AMD,HYD,14,16,1039,2,5,Fog,37
AirD,MAA,BLR,12,16,867,1,6,Rain,42
AirB,BOM,MAA,16,17,1200,1,12,Rain,4
AirA,HYD,COK,15,19,1266,0,1,Fog,40
AirC,CCU,DEL,16,20,142,3,3,Clear,17
AirA,CCU,HYD,10,11,1430,5,1,Windy,50
AirB,CCU,MAA,22,0,705,0,7,Clear,26
AirA,HYD,MAA,10,11,834,5,9,Clear,15
AirC,DEL,CCU,19,20,1963,0,9,Storm,44
AirE,MAA,HYD,14,15,761,2,6,Clear,0
AirA,DEL,MAA,9,10,1610,6,1,Clear,48
AirA,AMD,COK,14,17,210,4,7,Clear,7
AirC,BLR,BOM,8,11,1021,1,7,Clear,24
AirC,AMD,MAA,16,18,1735,0,2,Windy,52
AirE,CCU,BOM,11,13,295,0,8,Clear,0
AirA,COK,MAA,10,14,1825,1,12,Clear,60
AirA,MAA,HYD,10,14,1836,5,2,Snow,68
AirA,BLR,DEL,7,8,488,0,3,Clear,8
AirB,AMD,BLR,1,3,356,1,10,Clear,47
AirC,AMD,DEL,1,4,173,2,7,Clear,0
AirD,HYD,AMD,20,22,192,0,4,Clear,26
AirD,CCU,COK,1,5,1526,4,8,Clear,71
AirB,BLR,MAA,8,12,1763,3,1,Clear,62
AirB,CCU,HYD,6,7,1705,3,5,Windy,17
AirD,CCU,AMD,6,8,204,1,10,Fog,43
AirB,BOM,AMD,20,0,200,3,4,Clear,188
AirD,CCU,AMD,12,13,1291,3,6,Fog,33
AirA,BLR,CCU,17,20,565,6,2,Clear,0
AirB,BOM,BLR,12,13,1922,6,9,Clear,37
AirC,CCU,HYD,12,13,452,3,3,Clear,32
AirB,AMD,CCU,13,16,206,5,6,Clear,38
AirD,COK,AMD,18,19,1758,4,8,Clear,53
AirB,AMD,COK,12,15,1199,2,3,Storm,27
AirB,MAA,COK,9,10,1396,3,12,Clear,33
AirD,DEL,BLR,2,5,869,0,9,Clear,45
AirA,COK,AMD,2,5,1831,0,5,Rain,77
AirB,BOM,AMD,6,8,1737,5,1,Snow,36
AirD,DEL,AMD,23,1,1146,4,8,Fog,26
AirC,BOM,HYD,16,20,426,2,9,Windy,41
AirD,AMD,COK,8,10,1895,0,8,Clear,165
AirD,DEL,BLR,2,4,881,1,9,Clear,28
AirC,CCU,AMD,14,16,1188,3,9,Fog,23
AirC,DEL,MAA,16,20,1691,6,10,Rain,19
AirE,HYD,AMD,21,22,1810,2,2,Clear,40
AirB,COK,DEL,3,7,325,6,10,Clear,10
AirA,BLR,AMD,0,2,124,1,11,Fog,28
AirA,HYD,BLR,16,20,1451,0,8,Storm,38
AirA,BLR,BOM,9,12,148,2,12,Clear,15
AirA,AMD,BLR,13,17,1696,0,1,Clear,58
AirB,CCU,BLR,15,18,346,3,6,Rain,6
AirB,BLR,DEL,21,1,1505,0,12,Rain,50
AirA,BOM,HYD,2,3,1952,5,5,Clear,36
AirC,MAA,AMD,10,14,1415,5,6,Clear,22
AirE,BOM,MAA,4,6,1748,2,4,Clear,41
AirA,MAA,BOM,16,17,1789,5,7,Fog,44
AirE,DEL,BLR,7,9,1720,4,9,Clear,71
AirC,DEL,BOM,11,15,1550,5,10,Clear,30
AirE,BOM,AMD,8,11,665,5,2,Storm,20
AirB,BOM,AMD,0,2,1203,2,1,Clear,28
AirD,COK,BOM,15,18,1972,2,10,Rain,52
AirB,BLR,AMD,11,14,665,5,5,Clear,5
AirA,BLR,AMD,3,6,656,3,1,Storm,82
AirB,BOM,COK,2,3,1748,3,10,Rain,25
AirD,BOM,HYD,3,6,884,3,3,Clear,24
AirB,BLR,MAA,20,22,578,2,12,Storm,202
AirE,COK,DEL,3,4,1905,1,11,Windy,49
AirE,BLR,AMD,3,4,1352,2,5,Fog,71
AirE,CCU,AMD,2,3,1879,4,6,Clear,40
AirA,BLR,MAA,13,17,243,0,6,Storm,37
AirE,COK,CCU,15,18,1084,5,1,Clear,55
AirB,BLR,AMD,12,15,1822,1,4,Clear,43
AirA,DEL,BLR,23,0,1243,2,12,Snow,0
AirE,COK,AMD,17,21,411,4,7,Clear,20
AirA,COK,CCU,1,3,1917,0,4,Clear,9
AirA,BLR,COK,15,16,1808,6,8,Clear,63
AirD,BLR,BOM,8,11,1238,1,9,Rain,40
AirB,HYD,COK,2,4,580,1,8,Storm,2
AirA,CCU,HYD,10,11,515,4,7,Clear,12
AirE,BLR,DEL,0,2,374,5,4,Windy,6
AirC,CCU,BOM,17,19,539,3,8,Clear,32
AirA,BLR,MAA,12,16,953,1,8,Clear,7
AirE,MAA,BOM,23,3,1667,0,6,Rain,62
AirD,MAA,CCU,0,2,1715,5,4,Clear,51
AirC,COK,CCU,8,9,556,2,1,Clear,24
AirB,COK,BOM,0,1,303,5,9,Storm,29
AirC,HYD,COK,7,10,1148,1,5,Clear,37
AirB,COK,AMD,0,3,1269,4,9,Storm,46
AirC,COK,AMD,15,16,1283,5,6,Clear,40
AirD,BLR,HYD,12,16,795,4,12,Clear,27
AirD,BLR,DEL,17,19,1152,6,11,Clear,62
AirB,HYD,BOM,4,6,934,6,7,Clear,20
AirA,COK,BLR,1,4,1763,4,6,Rain,47
AirD,BLR,DEL,19,21,1603,1,5,Fog,66
AirD,MAA,HYD,12,15,1248,0,11,Storm,44
AirE,COK,BLR,8,10,188,2,5,Rain,8
AirE,CCU,HYD,7,10,309,3,10,Snow,28
AirE,COK,BLR,22,2,1254,2,7,Clear,59
AirB,BOM,MAA,16,20,585,0,10,Rain,27
AirC,MAA,BOM,14,15,846,2,10,Fog,45
AirC,CCU,HYD,7,11,1610,3,3,Clear,27
AirC,CCU,AMD,8,9,1200,5,7,Clear,22
AirC,HYD,DEL,1,2,1824,4,3,Clear,45
AirE,DEL,CCU,15,18,686,0,7,Clear,16
AirA,DEL,BOM,15,18,937,4,5,Clear,35
AirD,COK,DEL,23,2,899,1,9,Clear,47
AirA,DEL,HYD,13,15,444,4,2,Fog,20
AirE,CCU,BOM,6,7,533,5,7,Storm,5
AirA,COK,HYD,2,5,1837,2,5,Storm,70
AirE,DEL,BOM,5,9,327,0,12,Clear,16
AirE,COK,HYD,0,3,1504,3,1,Clear,50
AirD,BLR,MAA,5,7,1562,0,12,Clear,53
AirB,COK,AMD,11,12,1992,6,12,Clear,40
AirC,BOM,DEL,6,7,1951,1,1,Clear,65
AirE,BOM,MAA,17,18,837,6,7,Rain,0
AirD,BOM,MAA,11,12,1959,0,4,Clear,54
AirA,BOM,HYD,21,23,419,0,9,Clear,14
AirC,BOM,DEL,23,2,816,2,6,Clear,42
AirC,BOM,HYD,1,3,1491,6,8,Clear,23
AirB,CCU,DEL,23,3,796,5,12,Windy,17
AirB,AMD,BOM,6,7,1419,2,1,Clear,21
AirB,AMD,MAA,21,1,343,5,6,Rain,17
AirE,HYD,BOM,15,18,718,1,5,Clear,10
AirA,BOM,AMD,2,6,1296,5,3,Storm,39
AirD,BOM,DEL,0,3,1462,6,7,Storm,72
AirC,COK,BLR,22,1,703,6,11,Rain,16
AirA,AMD,BLR,22,23,334,4,4,Clear,41
AirD,CCU,BOM,16,20,1190,0,2,Fog,29
AirE,CCU,COK,23,2,1001,0,7,Clear,37
AirE,HYD,AMD,15,19,250,1,6,Fog,14
AirD,HYD,DEL,22,1,1792,1,4,Clear,29
AirC,HYD,AMD,15,17,194,3,7,Clear,2
AirE,MAA,HYD,22,23,609,5,10,Snow,16
AirC,COK,CCU,2,5,1245,2,7,Clear,36
AirE,COK,BOM,7,11,567,1,3,Clear,24
AirA,HYD,CCU,20,0,878,1,2,Clear,14
AirA,DEL,COK,17,19,1774,4,1,Fog,40
AirD,AMD,MAA,12,14,1211,6,11,Clear,47
AirD,HYD,AMD,7,9,1001,6,6,Clear,36
